mapped_scenario,FR07,FR07B,FR08,FR08B,FR09,FR09B,FR001B,FR005,FR004,FR006B,FR002B,FR005B,FR004B,FR006,RM04B,RM04C,RM07,RM07B,RM11B,RM09,RM09B,RM13,RMI2,RMI3,RMI5,RMI6,RM06A,RM08,RM10,RM12,RM06B,RM08B,RM10B,RM12B,RM13B,R307B,R312,R312C,R316,R305B,R305C,R316B,R319,R319B,R321,R321B,R303,R303B,R303C,R306B,R306C,R311B,R313,R313B,R314,R314B,R320,R320B,R322,R322B,R324,R324B,VD001B,VD002B,VD003B,VD003C,PT001,RL01B,PT001B,RL01C,VC001,VC001B,,,,,,,,,,,,,,,,,,,,,,
1冷启动,leco11_RC,leco11_RC,coopn_rp,coopn_rp,swi11_LN,swi11_LN,ColdOpen,cold_open,cold_splash,cold_splash,ColdOpen,cold_open,cold_splash,cold_splash,,,,,,,,,,,,,,,,,,,,,,,,,,,,,,,,,,,,,,,,,,,,,,,,,,,,,,,,,cold_open,,,,,,,,,,,,,,,,,,,,,,,
2热启动,leco12_RC,leco12_RC,hoopn_rp,hoopn_rp,swi12_LN,swi12_LN,HotOpen,hot_open,hot_splash,hot_splash,HotOpen,hot_open,hot_splash,hot_splash,,,,,,,,,,,,,,,,,,,,,,,,,,,,,,,,,,,,,,,,,,,,,,,,,,,,,,,,,,,,,,,,,,,,,,,,,,,,,,,,
7语言页原生,lgg2_RC,lgg2_RC,lage_pf2,lage_pf2,lge2_LN,lge2_LN,,,,,,,,,,,,,,,,,,,,,,,,,,,,,,,,,,,,,,,,,,,,,,,,,,,,,,,,,,,,,,,,,,,,,,,,,,,,,,,,,,,,,,,,
3新手插屏,gde3_RC,gde3_RC,gude_pf3,gude_pf3,gcs3_LN,gcs3_LN,GuideCompletionInt,guide_finish_int,guide_complete_int,guide_int,GuideCompletionInt,guide_finish_int,guide_complete_int,guide_int,,,,,,,,,,,,,,,,,,,,,,,,,,,,,,,,,,,,,,,,,,,,,,,,,,,,,,,,,,,,,,,,,,,,,,,,,,,,,,,,
4扫描后点ok,sfir4_RC,sfir4_RC,doclcfm_pf4,doclcfm_pf4,szx4_LN,szx4_LN,ScanCompleteInt,scan_finish_int,scan_complete_int,scan_int,ScanCompleteInt,scan_finish_int,scan_complete_int,scan_int,,,,,,,,,,,,,,,,,,,,,,,,,,,,,,,,,,,,,,,,,,,,,,,,,,,,,,,,,,,,,,,,,,,,,,,,,,,,,,,,
5扫描文件夹后点击文件夹,fol5_RC,fol5_RC,fder_pf5,fder_pf5,sal5_LN,sal5_LN,FolderClickInt,folder_list_int,folder_select_int,folder_int,FolderClickInt,folder_list_int,folder_select_int,folder_int,,,,,,,,,,,,,,,,,,,,,,,,,,,,,,,,,,,,,,,,,,,,,,,,,,,,,,,,,,,,,,,,,,,,,,,,,,,,,,,,
6恢复完成,dnr6_RC,dnr6_RC,dorc_pf6,dorc_pf6,ber6_LN,ber6_LN,RecoverySuccessInt,recovery_finish_int,recovery_complete_int,recovery_int,RecoverySuccessInt,recovery_finish_int,recovery_complete_int,recovery_int,,,,,,,,,,,,,,,,,,,,,,,,,,,,,,,,,,,,,,,,,,,,,,,,,,,,,,,,,,,,,,,,,,,,,,,,,,,,,,,,
7删除完成,dnd7_RC,dnd7_RC,dode_pf7,dode_pf7,bxd7_LN,bxd7_LN,DeleteSuccessInt,delete_finish_int,delete_complete_int,delete_int,DeleteSuccessInt,delete_finish_int,delete_complete_int,delete_int,,,,,,,,,,,,,,,,,,,,,,,,,,,,,,,,,,,,,,,,,,,,,,,,,,,,,,,,,,,,,,,,,,,,,,,,,,,,,,,,
8清理完成,dnc8_RC,dnc8_RC,docl_pf8,docl_pf8,vac8_LN,vac8_LN,CleanSuccessInt,clean_finish_int,clean_complete_int,clean_int,CleanSuccessInt,clean_finish_int,clean_complete_int,clean_int,,,,,,,,,,,,,,,,,,,,,,,,,,,,,,,,,,,,,,,,,,,,,,,,,,,,,,,,,,,,,,,,,,,,,,,,,,,,,,,,
9退出扫描结果页,rfir9_RC,rfir9_RC,exrstcfm_pf9,exrstcfm_pf9,bra9_LN,bra9_LN,ScanResultExitInt,scan_result_exit_int,scan_result_close_int,scan_result_int,ScanResultExitInt,scan_result_exit_int,scan_result_close_int,scan_result_int,,,,,,,,,,,,,,,,,,,,,,,,,,,,,,,,,,,,,,,,,,,,,,,,,,,,,,,,,,,,,,,,,,,,,,,,,,,,,,,,
10退出已恢复页,rced10_RC,rced10_RC,exdorc_pf10,exdorc_pf10,nda10_LN,nda10_LN,RecoveredExitInt,recovered_exit_int,recovered_close_int,recovered_int,RecoveredExitInt,recovered_exit_int,recovered_close_int,recovered_int,,,,,,,,,,,,,,,,,,,,,,,,,,,,,,,,,,,,,,,,,,,,,,,,,,,,,,,,,,,,,,,,,,,,,,,,,,,,,,,,
11退出联系人恢复页,rctc11_RC,rctc11_RC,excota_pf11,excota_pf11,zsq11_LN,zsq11_LN,ContactExitInt,contact_exit_int,contact_close_int,contact_int,ContactExitInt,contact_exit_int,contact_close_int,contact_int,,,,,,,,,,,,,,,,,,,,,,,,,,,,,,,,,,,,,,,,,,,,,,,,,,,,,,,,,,,,,,,,,,,,,,,,,,,,,,,,
12退出通知管理,rntm12_RC,rntm12_RC,extzgl_pf12,extzgl_pf12,out12_LN,out12_LN,NotificationExitInt,ntfm_exit_int,ntfm_close_int,ntfm_int,NotificationExitInt,ntfm_exit_int,ntfm_close_int,ntfm_int,,,,,,,,,,,,,,,,,,,,,,,,,,,,,,,,,,,,,,,,,,,,,,,,,,,,,,,,,,,,,,,,,,,,,,,,,,,,,,,,
13退出清理模块,rcln13_RC,rcln13_RC,excln_pf13,excln_pf13,baqn13_LN,baqn13_LN,CleanerExitInt,cleaner_exit_int,cleaner_close_int,cleaner_exit_int,CleanerExitInt,cleaner_exit_int,cleaner_close_int,cleaner_exit_int,,,,,,,,,,,,,,,,,,,,,,,,,,,,,,,,,,,,,,,,,,,,,,,,,,,,,,,,,,,,,,,,,,,,,,,,,,,,,,,,
引导流程-语言设置页底部默认原生,,,,,,,,,language_nav,,,,language_nav,,,,,,,,,,,,,,,,,,,,,,,,,,,,,,,,,,,,,,,,,,,,,,,,,,,,,,,,,,,,,,,,,,,,,,,,,,,,,,,,,
图文引导最后一步底部原生,,,,,,,,,guide_nav,,,,guide_nav,,,,,,,,,,,,,,,,,,,,,,,,,,,,,,,,,,,,,,,,,,,,,,,,,,,,,,,,,,,,,,,,,,,,,,,,,,,,,,,,,
首页底部常驻原生,,,,,,,,,homepage_nav,,,,homepage_nav,,,,,,,,,,,,,,,,,,,,,,,,,,,,,,,,,,,,,,,,,,,,,,,,,,,,,,,,,,,,,,,,,,,,,,,,,,,,,,,,,
扫描准备页+过程页底部原生,,,,,,,,,scanning_nav,,,,scanning_nav,,,,,,,,,,,,,,,,,,,,,,,,,,,,,,,,,,,,,,,,,,,,,,,,,,,,,,,,,,,,,,,,,,,,,,,,,,,,,,,,,
扫描结果内容列表页底部原生,,,,,,,,,scan_result_list_nav,,,,scan_result_list_nav,,,,,,,,,,,,,,,,,,,,,,,,,,,,,,,,,,,,,,,,,,,,,,,,,,,,,,,,,,,,,,,,,,,,,,,,,,,,,,,,,
各类型内容详情页底部原生,,,,,,,,,info_nav,,,,info_nav,,,,,,,,,,,,,,,,,,,,,,,,,,,,,,,,,,,,,,,,,,,,,,,,,,,,,,,,,,,,,,,,,,,,,,,,,,,,,,,,,
各类型（含联系人）恢复成功结果页底部原生,,,,,,,,,recovery_success_nav,,,,recovery_success_nav,,,,,,,,,,,,,,,,,,,,,,,,,,,,,,,,,,,,,,,,,,,,,,,,,,,,,,,,,,,,,,,,,,,,,,,,,,,,,,,,,
删除/清理成功结果页底部原生,,,,,,,,,delete_complete_nav,,,,delete_complete_nav,,,,,,,,,,,,,,,,,,,,,,,,,,,,,,,,,,,,,,,,,,,,,,,,,,,,,,,,,,,,,,,,,,,,,,,,,,,,,,,,,
已恢复内容列表底部原生,,,,,,,,,recovered_nav,,,,recovered_nav,,,,,,,,,,,,,,,,,,,,,,,,,,,,,,,,,,,,,,,,,,,,,,,,,,,,,,,,,,,,,,,,,,,,,,,,,,,,,,,,,
清理模块底部原生,,,,,,,,,cleaner_nav,,,,cleaner_nav,,,,,,,,,,,,,,,,,,,,,,,,,,,,,,,,,,,,,,,,,,,,,,,,,,,,,,,,,,,,,,,,,,,,,,,,,,,,,,,,,
通知管理模块底部原生,,,,,,,,,ntfm_nav,,,,ntfm_nav,,,,,,,,,,,,,,,,,,,,,,,,,,,,,,,,,,,,,,,,,,,,,,,,,,,,,,,,,,,,,,,,,,,,,,,,,,,,,,,,,
卸载挽回流程底部原生,,,,,,,,,remove_nav,,,,remove_nav,,,,,,,,,,,,,,,,,,,,,,,,,,,,,,,,,,,,,,,,,,,,,,,,,,,,,,,,,,,,,,,,,,,,,,,,,,,,,,,,,
1冷启动,,,,,,,,,,,,,,,ocold,ocold,lenopen,lenopen,clopen,ctovb,ctovb,leopn,coldopen,coldopen,lqdkp,coldopen,cl_open,ccopen,coolopen,bootcool,cl_open,ccopen,coolopen,bootcool,leopn,,,,,,,,,,,,,,,,,,,,,,,,,,,,,,,,,,,,,,,,,,,,,,,,,,,,,,,,,,,
2热启动,,,,,,,,,,,,,,,hoto,hoto,reopen,reopen,htopen,htovb,htovb,reopn,hotopen,hotopen,rqdkp,hotopen,ho_open,hhopen,hotopen,boothot,ho_open,hhopen,hotopen,boothot,reopn,,,,,,,,,,,,,,,,,,,,,,,,,,,,,,,,,,,,,,,,,,,,,,,,,,,,,,,,,,,
3新手插屏,,,,,,,,,,,,,,,startint,startint,ydint,ydint,gdydy,ydyvb,ydyvb,ydyad,leadingint,leadint,ydyint,yyddint,ngdcp,insnewgd,closenew,popclose,ngdcp,insnewgd,closenew,popclose,ydyad,,,,,,,,,,,,,,,,,,,,,,,,,,,,,,,,,,,,,,,,,,,,,,,,,,,,,,,,,,,
4专辑插屏,,,,,,,,,,,,,,,albbmint,albbmint,zjint,zjint,albxq,zhaivb,zhaivb,zjxqy,albumint,zhuanjiint,zjxqint,zzjjint,albcp,insabb,albumxq,albumpage,albcp,insabb,albumxq,albumpage,zjxqy,,,,,,,,,,,,,,,,,,,,,,,,,,,,,,,,,,,,,,,,,,,,,,,,,,,,,,,,,,,
5歌单插屏,,,,,,,,,,,,,,,lllistint,lllistint,phbint,phbint,songlist,listivb,listivb,songgd,,,,,rkgcp,insrrr,listcli,listuser,rkgcp,insrrr,listcli,listuser,songgd,,,,,,,,,,,,,,,,,,,,,,,,,,,,,,,,,,,,,,,,,,,,,,,,,,,,,,,,,,,
6歌手插屏,,,,,,,,,,,,,,,artieint,artieint,gsint,gsint,singersy,sigeivb,sigeivb,singerzy,singerint,geshouint,singerint,ggssint,secp,insatt,singercli,singeruser,secp,insatt,singercli,singeruser,singerzy,,,,,,,,,,,,,,,,,,,,,,,,,,,,,,,,,,,,,,,,,,,,,,,,,,,,,,,,,,,
7流派插屏,,,,,,,,,,,,,,,gennint,gennint,lpint,lpint,genelpy,gereivb,gereivb,jrlpy,,,,,stccp,inspa,stylexq,stylepage,stccp,inspa,stylexq,stylepage,jrlpy,,,,,,,,,,,,,,,,,,,,,,,,,,,,,,,,,,,,,,,,,,,,,,,,,,,,,,,,,,,
8红心歌单,,,,,,,,,,,,,,,redhint,redhint,hxint,hxint,lovegd,fovivb,fovivb,hxlist,likedint,hongxinint,schxint,hhxxint,lkcp,insred,heartclick,likeclick,lkcp,insred,heartclick,likeclick,hxlist,,,,,,,,,,,,,,,,,,,,,,,,,,,,,,,,,,,,,,,,,,,,,,,,,,,,,,,,,,,
9最近播放&本地资源歌单,,,,,,,,,,,,,,,downloint,downloint,bdzyint,bdzyint,lcbdrsgd,locivb,locivb,bdzylist,recentint,zuijinint,recentint,zzjjint,offlcp,inshg,localsing,localmusic,offlcp,inshg,localsing,localmusic,bdzylist,,,,,,,,,,,,,,,,,,,,,,,,,,,,,,,,,,,,,,,,,,,,,,,,,,,,,,,,,,,
10自建&收藏歌单,,,,,,,,,,,,,,,creatint,creatint,zjgdint,zjgdint,creazjgd,cretivb,cretivb,jrzjlist,cuslistint,zijianint,zjgdint,zzjjint,jclcp,inscret,myselflist,ownlist,jclcp,inscret,myselflist,ownlist,jrzjlist,,,,,,,,,,,,,,,,,,,,,,,,,,,,,,,,,,,,,,,,,,,,,,,,,,,,,,,,,,,
11MV播放页,,,,,,,,,,,,,,,videoint,videoint,playmvint,playmvint,mxplay,mxgovb,mxgovb,jrmvplay,,,,,,,,,,,,,jrmvplay,,,,,,,,,,,,,,,,,,,,,,,,,,,,,,,,,,,,,,,,,,,,,,,,,,,,,,,,,,,
12点击搜索,,,,,,,,,,,,,,,scanint,scanint,ssjgint,ssjgint,frontsearc,serchsvb,serchsvb,ssjgq,searchint,sousuoint,ssjgqint,ssjgint,searcp,inssec,resultspop,searchpop,searcp,inssec,resultspop,searchpop,ssjgq,,,,,,,,,,,,,,,,,,,,,,,,,,,,,,,,,,,,,,,,,,,,,,,,,,,,,,,,,,,
13返回,,,,,,,,,,,,,,,backint,backint,fhint,fhint,baclastym,bckovb,bckovb,djfhsy,returnint,fanhuiint,sgymint,ffhhint,bkcp,insback,comeback,backturn,bkcp,insback,comeback,backturn,djfhsy,,,,,,,,,,,,,,,,,,,,,,,,,,,,,,,,,,,,,,,,,,,,,,,,,,,,,,,,,,,
14切歌,,,,,,,,,,,,,,,playnextint,playnextint,lxdjint,lxdjint,playctncl,qievb,qievb,lxdjxad,nextsongint,qiegeint,lxdjint,llxxint,skpcp,insplayn,switchsong,musicswitch,skpcp,insplayn,switchsong,musicswitch,lxdjxad,,,,,,,,,,,,,,,,,,,,,,,,,,,,,,,,,,,,,,,,,,,,,,,,,,,,,,,,,,,
15歌曲播放,,,,,,,,,,,,,,,songplay,songplay,lqzzbfint,lqzzbfint,ingplay,laplvb,laplvb,lqxcad,playint,playingint,lqbfint,zzbfint,splcp,inssp,songbegin,musicopen,splcp,inssp,songbegin,musicopen,lqxcad,,,,,,,,,,,,,,,,,,,,,,,,,,,,,,,,,,,,,,,,,,,,,,,,,,,,,,,,,,,
16歌曲下载,,,,,,,,,,,,,,,playingint,playingint,jilirw,jilirw,dlafter,dwlivb,dwlivb,djxzad,,,,,xzcp,insdown,songload,musicinit,xzcp,insdown,songload,musicinit,djxzad,,,,,,,,,,,,,,,,,,,,,,,,,,,,,,,,,,,,,,,,,,,,,,,,,,,,,,,,,,,
17首页原生,,,,,,,,,,,,,,,frontpagenav,frontpagenav,,,,,,,tabnav,playernav,tabsmnav,tabbnav,,,,,,,,,,,,,,,,,,,,,,,,,,,,,,,,,,,,,,,,,,,,,,,,,,,,,,,,,,,,,,,,,,,,
18歌手原生,,,,,,,,,,,,,,,artisttnav,artisttnav,,,,,,,singernav,geshounav,singernav,ggssnav,,,,,,,,,,,,,,,,,,,,,,,,,,,,,,,,,,,,,,,,,,,,,,,,,,,,,,,,,,,,,,,,,,,,
19歌单原生,,,,,,,,,,,,,,,lllistnav,lllistnav,,,,,,,playlistnav,gedannav,gdxqynav,ggxqnav,,,,,,,,,,,,,,,,,,,,,,,,,,,,,,,,,,,,,,,,,,,,,,,,,,,,,,,,,,,,,,,,,,,,
20专辑原生,,,,,,,,,,,,,,,albummnav,albummnav,,,,,,,albumnav,zhuanjinav,zjxqynav,zjxqnav,,,,,,,,,,,,,,,,,,,,,,,,,,,,,,,,,,,,,,,,,,,,,,,,,,,,,,,,,,,,,,,,,,,,
21最近播放原生,,,,,,,,,,,,,,,,,,recplaylist,zjlistplay,rcentvb,rcentvb,zjbflist,,,,,,,,,,,,,zjbflist,,,,,,,,,,,,,,,,,,,,,,,,,,,,,,,,,,,,,,,,,,,,,,,,,,,,,,,,,,,
22搜索原生,,,,,,,,,,,,,,,seachhnav,seachhnav,,,,,,,searchnav,sousnav,sslnav,sslnav,,,,,,,,,,,,,,,,,,,,,,,,,,,,,,,,,,,,,,,,,,,,,,,,,,,,,,,,,,,,,,,,,,,,
23语言页原生,,,,,,,,,,,,,,,,,,lynav,lagenv,lngvb,lngvb,fiveyy,,yyybignv,,yuynav,,,,,,,,,fiveyy,,,,,,,,,,,,,,,,,,,,,,,,,,,,,,,,,,,,,,,,,,,,,,,,,,,,,,,,,,,
24离线歌单插屏,,,,,,,,,,,,,,,,,,,,,,,,lixianint,offlineint,llxxnint,,,,,,,,,,,,,,,,,,,,,,,,,,,,,,,,,,,,,,,,,,,,,,,,,,,,,,,,,,,,,,,,,,,,
25点控制台,,,,,,,,,,,,,,,,,,,,,,,,,,,cscp,inscon,consoleopen,panelstart,cscp,inscon,consoleopen,panelstart,,,,,,,,,,,,,,,,,,,,,,,,,,,,,,,,,,,,,,,,,,,,,,,,,,,,,,,,,,,,
1冷启动,,,,,,,,,,,,,,,,,,,,,,,,,,,,,,,,,,,,act,lengst,lengst,lenop,cop,cop,lenop,sclcld,sclcld,colwitch,colwitch,copeneco,copeneco,copeneco,,,,,,,,,,,,,,,,,,,,,,,,,,,,,,,,,,,,,,,,,,,,,
2热启动,,,,,,,,,,,,,,,,,,,,,,,,,,,,,,,,,,,,sw,reeest,reeest,reop,hop,hop,reop,screqd,screqd,howitch,howitch,hopeneco,hopeneco,hopeneco,hotnova,hotnova,swhopen,hhhopen,hhhopen,hhopen,hhopen,hot_open,hot_open,hot_open,hot_open,hot_open,hot_open,,,,,,,,,,,,,,,,,,,,,,,,,,,,,,,,
5启动点start,,,,,,,,,,,,,,,,,,,,,,,,,,,,,,,,,,,,cmd,,,,,,,,,,,,,,,,,,,,,,,,,,,,,,,,,,,,,,,,,,,,,,,,,,,,,,,,,,
4扫描完成,,,,,,,,,,,,,,,,,,,,,,,,,,,,,,,,,,,,end,,,,dne,dne,,,,,,,,,,,,,,,,,,,,,,,,,,,,,,,,,,,,,,,,,,,,,,,,,,,,,
5新手电池点清理,,,,,,,,,,,,,,,,,,,,,,,,,,,,,,,,,,,,,clnfst,clnfst,djbtnop,,,djbtnop,scbfclan,scbfclan,firwitch,firwitch,cleniteco,cleniteco,cleniteco,firstcleaning,firstcleaning,newbutt,newbutton,newbutton,newcliclean,newcliclean,first_express_clean,first_express_clean,first_smart_clean_tap,first_smart_clean_tap,first_express_clean,first_express_clean,,,,,,,,,,,,,,,,,,,,,,,,,,,,,,,,
4进入报告页,,,,,,,,,,,,,,,,,,,,,,,,,,,,,,,,,,,,,wanbef,wanbef,frontbgy,saf,saf,frontbgy,scqmgnbg,scqmgnbg,beforerepo,beforerepo,,,,,,,,,,,,,,,,,,,,,,,,,,,,,,,,,,,,,,,,,,,,,,,,
6功能使用完成,,,,,,,,,,,,,,,,,,,,,,,,,,,,,,,,,,,,,doobef,doobef,frontjgy,cli,cli,frontjgy,scfrrslt,scfrrslt,beforeres,beforeres,dneiteco,dneiteco,dneiteco,,,,,,,,,,,,,,,,,,,,,,,,,,,,,,,,,,,,,,,,,,,,,
7结果页原生,,,,,,,,,,,,,,,,,,,,,,,,,,,,,,,,,,,,,,,,onv,onv,,,,,,,,,,,,,,,,,,,,,,,,,,,,,,,,,,,,,,,,,,,,,,,,,,,,,
1首次冷启动,,,,,,,,,,,,,,,,,,,,,,,,,,,,,,,,,,,,,,,,,,,,,,,,,,firstcoldnova,firstcoldnova,swfirstopen,firccopen,firccopen,coolopen,coolopen,first_cold_open,first_cold_open,first_cold_open,first_cold_open,first_cold_open,first_cold_open,,,,,,,,,,,,,,,,,,,,,,,,,,,,,,,,
1非首次冷启动,,,,,,,,,,,,,,,,,,,,,,,,,,,,,,,,,,,,,,,,,,,,,,,,,,coldnova,coldnova,swcopen,ccopen,ccopen,sscoolopen,sscoolopen,cold_open,cold_open,cold_open,cold_open,cold_open,cold_open,,,,,,,,,,,,,,,,,,,,,,,,,,,,,,,,
3新手扫描完成,,,,,,,,,,,,,,,,,,,,,,,,,,,,,,,,,,,,,,,,,,,,,,,,,,firstBattery,firstBattery,newfast,newscann,newscann,newscann,newscann,first_scan_anim,first_scan_anim,first_scan_anim,first_scan_anim,first_scan_anim,first_scan_anim,,,,,,,,,,,,,,,,,,,,,,,,,,,,,,,,
Clean Cache：功能扫描动画后,,,,,,,,,,,,,,,,,,,,,,,,,,,,,,,,,,,,,,,,,,,,,,,,,,recacheint,recacheint,cachescann,cache,cache,cacheclean,cacheclean,cache_scan_anim,cache_scan_anim,cache_clean_int,cache_clean_int,cache_scan_anim,cache_scan_anim,,,,,,,,,,,,,,,,,,,,,,,,,,,,,,,,
Clean Cache：清理完成页后（success页面后）,,,,,,,,,,,,,,,,,,,,,,,,,,,,,,,,,,,,,,,,,,,,,,,,,,,,cachesucc,succcache,succcache,fincache,fincache,,,cache_finish,cache_finish,,,,,,,,,,,,,,,,,,,,,,,,,,,,,,,,,,
Large File Cleaner：功能扫描动画后,,,,,,,,,,,,,,,,,,,,,,,,,,,,,,,,,,,,,,,,,,,,,,,,,,duplicaint,duplicaint,largescann,file,file,largerfile,largerfile,dup_scan_int,dup_scan_int,large_file_scan_int,large_file_scan_int,dup_scan_int,dup_scan_int,,,,,,,,,,,,,,,,,,,,,,,,,,,,,,,,
Large File Cleaner：清理完成页后（success页面后）,,,,,,,,,,,,,,,,,,,,,,,,,,,,,,,,,,,,,,,,,,,,,,,,,,largefinish,largefinish,largesucc,succfile,succfile,finlarge,finlarge,large_finish,large_finish,large_file_finish,large_file_finish,large_finish,large_finish,,,,,,,,,,,,,,,,,,,,,,,,,,,,,,,,
App Manager：功能扫描动画后,,,,,,,,,,,,,,,,,,,,,,,,,,,,,,,,,,,,,,,,,,,,,,,,,,appmansanner,appmansanner,appscann,appman,appman,appman,appman,appman_scan_end,appman_scan_end,app_manager_scan_int,app_manager_scan_int,appman_scan_end,appman_scan_end,,,,,,,,,,,,,,,,,,,,,,,,,,,,,,,,
App Manager：卸载app完成页后（success页面后）,,,,,,,,,,,,,,,,,,,,,,,,,,,,,,,,,,,,,,,,,,,,,,,,,,appmansanner,appmansanner,appsucc,succapp,succapp,finappman,finappman,appman_scan_end,appman_scan_end,app_manager_finish,app_manager_finish,appman_scan_end,appman_scan_end,,,,,,,,,,,,,,,,,,,,,,,,,,,,,,,,
Network Traffic:功能扫描动画后,,,,,,,,,,,,,,,,,,,,,,,,,,,,,,,,,,,,,,,,,,,,,,,,,,networksanner,networksanner,netscann,network,network,networkkk,networkkk,network_scan_end,network_scan_end,network_scan_int,network_scan_int,network_scan_end,network_scan_end,,,,,,,,,,,,,,,,,,,,,,,,,,,,,,,,
Screenshot Cleaner:功能扫描动画后,,,,,,,,,,,,,,,,,,,,,,,,,,,,,,,,,,,,,,,,,,,,,,,,,,screensanner,screensanner,screescann,screen,screen,,,screenshot_scan_end,screenshot_scan_end,,,screenshot_scan_end,screenshot_scan_end,,,,,,,,,,,,,,,,,,,,,,,,,,,,,,,,
Screenshot Cleaner:清理完成页后（success页面后）,,,,,,,,,,,,,,,,,,,,,,,,,,,,,,,,,,,,,,,,,,,,,,,,,,screenfinish,screenfinish,screesucc,succscreen,succscreen,,,screenshot_finish,screenshot_finish,,,screenshot_finish,screenshot_finish,,,,,,,,,,,,,,,,,,,,,,,,,,,,,,,,
Similar Photos:功能扫描动画后,,,,,,,,,,,,,,,,,,,,,,,,,,,,,,,,,,,,,,,,,,,,,,,,,,,,simiscann,photo,photo,photos,photos,,,photos_scan_int,photos_scan_int,,,,,,,,,,,,,,,,,,,,,,,,,,,,,,,,,,
Similar Photos:清理完成页后（success页面后）,,,,,,,,,,,,,,,,,,,,,,,,,,,,,,,,,,,,,,,,,,,,,,,,,,,,simisucc,succphoto,succphoto,finphoto,finphoto,,,photos_finish,photos_finish,,,,,,,,,,,,,,,,,,,,,,,,,,,,,,,,,,
Device Info:功能扫描动画后,,,,,,,,,,,,,,,,,,,,,,,,,,,,,,,,,,,,,,,,,,,,,,,,,,,,deviscann,device,device,,,,,,,,,,,,,,,,,,,,,,,,,,,,,,,,,,,,,,,,
Device Info:success页面后,,,,,,,,,,,,,,,,,,,,,,,,,,,,,,,,,,,,,,,,,,,,,,,,,,,,,succdevice,succdevice,,,,,,,,,,,,,,,,,,,,,,,,,,,,,,,,,,,,,,,,
“notification cleaner”功能：清理通知后的插页,,,,,,,,,,,,,,,,,,,,,,,,,,,,,,,,,,,,,,,,,,,,,,,,,,notifint,notifint,,,,notificlean,notificlean,notif_clean_int,notif_clean_int,notif_clean_int,notif_clean_int,notif_clean_int,notif_clean_int,,,,,,,,,,,,,,,,,,,,,,,,,,,,,,,,
“notification cleaner”功能：功能动画页后,,,,,,,,,,,,,,,,,,,,,,,,,,,,,,,,,,,,,,,,,,,,,,,,,,,,,,,notifi,notifi,,,notif_func_anim,notif_func_anim,,,,,,,,,,,,,,,,,,,,,,,,,,,,,,,,,,
“RAM Status”：扫描动画页后插页,,,,,,,,,,,,,,,,,,,,,,,,,,,,,,,,,,,,,,,,,,,,,,,,,,,,,,,rammm,rammm,,,ram_scan_int,ram_scan_int,,,,,,,,,,,,,,,,,,,,,,,,,,,,,,,,,,
“RAM Status”：完成页后,,,,,,,,,,,,,,,,,,,,,,,,,,,,,,,,,,,,,,,,,,,,,,,,,,,,,,,finrammm,finrammm,,,ram_finish,ram_finish,,,,,,,,,,,,,,,,,,,,,,,,,,,,,,,,,,
“Battery info”功能：扫描动画页后插页,,,,,,,,,,,,,,,,,,,,,,,,,,,,,,,,,,,,,,,,,,,,,,,,,,batteryint,batteryint,,,,battttery,battttery,battery_scan_int,battery_scan_int,battery_scan_int,battery_scan_int,battery_scan_int,battery_scan_int,,,,,,,,,,,,,,,,,,,,,,,,,,,,,,,,
“Battery info”功能：完成页后（success页）,,,,,,,,,,,,,,,,,,,,,,,,,,,,,,,,,,,,,,,,,,,,,,,,,,batteryfinish,batteryfinish,,,,batttteryclean,batttteryclean,battery_finish,battery_finish,battery_finish,battery_finish,battery_finish,battery_finish,,,,,,,,,,,,,,,,,,,,,,,,,,,,,,,,
"""speaker cleaner""功能：点击“cant wait“后的插页or时间清理时间已到",,,,,,,,,,,,,,,,,,,,,,,,,,,,,,,,,,,,,,,,,,,,,,,,,,speakerint,speakerint,,,,sppeaker,sppeaker,speaker_cant_wait_int,speaker_cant_wait_int,speaker_cant_wait_int,speaker_cant_wait_int,speaker_cant_wait_int,speaker_cant_wait_int,,,,,,,,,,,,,,,,,,,,,,,,,,,,,,,,
“Memory info”功能：完成页后,,,,,,,,,,,,,,,,,,,,,,,,,,,,,,,,,,,,,,,,,,,,,,,,,,memoryfinish,memoryfinish,,,,,,memory_finish,memory_finish,,,memory_finish,memory_finish,,,,,,,,,,,,,,,,,,,,,,,,,,,,,,,,
“Junk clean”功能：完成页后,,,,,,,,,,,,,,,,,,,,,,,,,,,,,,,,,,,,,,,,,,,,,,,,,,junkfinish,junkfinish,,,,,,junk_finish,junk_finish,,,junk_finish,junk_finish,,,,,,,,,,,,,,,,,,,,,,,,,,,,,,,,
"""Duplicate clean""功能：完成页后",,,,,,,,,,,,,,,,,,,,,,,,,,,,,,,,,,,,,,,,,,,,,,,,,,duplifinish,duplifinish,,,,,,dup_finish,dup_finish,,,dup_finish,dup_finish,,,,,,,,,,,,,,,,,,,,,,,,,,,,,,,,
“notification cleaner”功能：进入功能功能扫描动画后,,,,,,,,,,,,,,,,,,,,,,,,,,,,,,,,,,,,,,,,,,,,,,,,,,notificationsan,notificationsan,,,,,,notif_scan_anim,notif_scan_anim,,,notif_scan_anim,notif_scan_anim,,,,,,,,,,,,,,,,,,,,,,,,,,,,,,,,
“Junk clean”功能：功能进入对应功能扫描页扫描结束,,,,,,,,,,,,,,,,,,,,,,,,,,,,,,,,,,,,,,,,,,,,,,,,,,junksanner,junksanner,,,,,,junk_scan_end,junk_scan_end,,,junk_scan_end,junk_scan_end,,,,,,,,,,,,,,,,,,,,,,,,,,,,,,,,
Network Traffic功能：完成页后,,,,,,,,,,,,,,,,,,,,,,,,,,,,,,,,,,,,,,,,,,,,,,,,,,networkfinish,networkfinish,,,,,,network_finish,network_finish,,,network_finish,network_finish,,,,,,,,,,,,,,,,,,,,,,,,,,,,,,,,
Clean Cache返回,,,,,,,,,,,,,,,,,,,,,,,,,,,,,,,,,,,,,,,,,,,,,,,,,,,,,cachebbb,cachebbb,cachecleanback,cachecleanback,,,cache_back,cache_back,,,,,,,,,,,,,,,,,,,,,,,,,,,,,,,,,,
large file Cleaner返回,,,,,,,,,,,,,,,,,,,,,,,,,,,,,,,,,,,,,,,,,,,,,,,,,,,,,filebbb,filebbb,largerfileback,largerfileback,,,large_file_back,large_file_back,,,,,,,,,,,,,,,,,,,,,,,,,,,,,,,,,,
photos返回,,,,,,,,,,,,,,,,,,,,,,,,,,,,,,,,,,,,,,,,,,,,,,,,,,,,,photobbb,photobbb,photosback,photosback,,,photos_back,photos_back,,,,,,,,,,,,,,,,,,,,,,,,,,,,,,,,,,
App Manager返回,,,,,,,,,,,,,,,,,,,,,,,,,,,,,,,,,,,,,,,,,,,,,,,,,,,,,appmanbbb,appmanbbb,appmanback,appmanback,,,app_manager_back,app_manager_back,,,,,,,,,,,,,,,,,,,,,,,,,,,,,,,,,,
"""Network Traffic""返回",,,,,,,,,,,,,,,,,,,,,,,,,,,,,,,,,,,,,,,,,,,,,,,,,,,,,networkbbb,networkbbb,networkkkback,networkkkback,,,network_back,network_back,,,,,,,,,,,,,,,,,,,,,,,,,,,,,,,,,,
“RAM Status”返回,,,,,,,,,,,,,,,,,,,,,,,,,,,,,,,,,,,,,,,,,,,,,,,,,,,,,,,rammmback,rammmback,,,ram_back,ram_back,,,,,,,,,,,,,,,,,,,,,,,,,,,,,,,,,,
“Battery info”返回,,,,,,,,,,,,,,,,,,,,,,,,,,,,,,,,,,,,,,,,,,,,,,,,,,battgnback,battgnback,,,,batttteryback,batttteryback,battery_func_back,battery_func_back,battery_back,battery_back,battery_func_back,battery_func_back,,,,,,,,,,,,,,,,,,,,,,,,,,,,,,,,
“notification cleaner”返回,,,,,,,,,,,,,,,,,,,,,,,,,,,,,,,,,,,,,,,,,,,,,,,,,,notignback,notignback,,,,notifiback,notifiback,notif_scan_back,notif_scan_back,notif_back,notif_back,notif_scan_back,notif_scan_back,,,,,,,,,,,,,,,,,,,,,,,,,,,,,,,,
"""speaker cleaner""返回",,,,,,,,,,,,,,,,,,,,,,,,,,,,,,,,,,,,,,,,,,,,,,,,,,,,,,,sppeakerback,sppeakerback,,,speaker_back,speaker_back,,,,,,,,,,,,,,,,,,,,,,,,,,,,,,,,,,
Screenshot Cleaner 返回广告,,,,,,,,,,,,,,,,,,,,,,,,,,,,,,,,,,,,,,,,,,,,,,,,,,,,,screenbbb,screenbbb,,,,,,,,,,,,,,,,,,,,,,,,,,,,,,,,,,,,,,,,
Device Info返回广告,,,,,,,,,,,,,,,,,,,,,,,,,,,,,,,,,,,,,,,,,,,,,,,,,,,,,devicebbb,devicebbb,,,,,,,,,,,,,,,,,,,,,,,,,,,,,,,,,,,,,,,,
首次启动，清理完成动画页后，（包括不同意授权返回）,,,,,,,,,,,,,,,,,,,,,,,,,,,,,,,,,,,,,,,,,,,,,,,,,,firstcleanfinish,firstcleanfinish,,,,,,first_clean_finish,first_clean_finish,,,,,,,,,,,,,,,,,,,,,,,,,,,,,,,,,,,,
“Remove Cache”功能：删除垃圾动画后插页or从垃圾信息页返回,,,,,,,,,,,,,,,,,,,,,,,,,,,,,,,,,,,,,,,,,,,,,,,,,,recache,recache,,,,,,cache_clean_int,cache_clean_int,,,cache_clean_int,cache_clean_int,,,,,,,,,,,,,,,,,,,,,,,,,,,,,,,,
“Remove Cache”功能：功能扫描页返回,,,,,,,,,,,,,,,,,,,,,,,,,,,,,,,,,,,,,,,,,,,,,,,,,,remognback,remognback,,,,,,cache_func_back,cache_func_back,,,cache_func_back,cache_func_back,,,,,,,,,,,,,,,,,,,,,,,,,,,,,,,,
“Remove Cache”功能：清理扫描页返回,,,,,,,,,,,,,,,,,,,,,,,,,,,,,,,,,,,,,,,,,,,,,,,,,,remoclback,remoclback,,,,,,cache_clean_back,cache_clean_back,,,cache_clean_back,cache_clean_back,,,,,,,,,,,,,,,,,,,,,,,,,,,,,,,,
Battery info”功能：进入完成页之前的扫描动画返回,,,,,,,,,,,,,,,,,,,,,,,,,,,,,,,,,,,,,,,,,,,,,,,,,,battwcback,battwcback,,,,,,battery_scan_back,battery_scan_back,,,battery_scan_back,battery_scan_back,,,,,,,,,,,,,,,,,,,,,,,,,,,,,,,,
“Memory info”功能：扫描动画页后插页,,,,,,,,,,,,,,,,,,,,,,,,,,,,,,,,,,,,,,,,,,,,,,,,,,memoryint,memoryint,,,,,,memory_scan_int,memory_scan_int,,,memory_scan_int,memory_scan_int,,,,,,,,,,,,,,,,,,,,,,,,,,,,,,,,
“Memory info”功能：功能扫描页返回,,,,,,,,,,,,,,,,,,,,,,,,,,,,,,,,,,,,,,,,,,,,,,,,,,memognback,memognback,,,,,,memory_func_back,memory_func_back,,,memory_func_back,memory_func_back,,,,,,,,,,,,,,,,,,,,,,,,,,,,,,,,
“Memory info”功能：进入完成页之前的扫描动画返回,,,,,,,,,,,,,,,,,,,,,,,,,,,,,,,,,,,,,,,,,,,,,,,,,,memowcback,memowcback,,,,,,memory_scan_back,memory_scan_back,,,memory_scan_back,memory_scan_back,,,,,,,,,,,,,,,,,,,,,,,,,,,,,,,,
“Junk clean”功能：清理完成后插页or垃圾信息页点击返回后插页,,,,,,,,,,,,,,,,,,,,,,,,,,,,,,,,,,,,,,,,,,,,,,,,,,junkint,junkint,,,,,,junk_clean_int,junk_clean_int,,,junk_clean_int,junk_clean_int,,,,,,,,,,,,,,,,,,,,,,,,,,,,,,,,
Junk clean”功能：功能扫描页返回,,,,,,,,,,,,,,,,,,,,,,,,,,,,,,,,,,,,,,,,,,,,,,,,,,junkgnback,junkgnback,,,,,,junk_func_back,junk_func_back,,,junk_func_back,junk_func_back,,,,,,,,,,,,,,,,,,,,,,,,,,,,,,,,
Junk clean”功能：清理扫描页返回,,,,,,,,,,,,,,,,,,,,,,,,,,,,,,,,,,,,,,,,,,,,,,,,,,junkclback,junkclback,,,,,,junk_clean_back,junk_clean_back,,,junk_clean_back,junk_clean_back,,,,,,,,,,,,,,,,,,,,,,,,,,,,,,,,
“notification cleaner”功能：清理通知扫描页返回,,,,,,,,,,,,,,,,,,,,,,,,,,,,,,,,,,,,,,,,,,,,,,,,,,notignback,notignback,,,,,,notif_scan_back,notif_scan_back,,,notif_scan_back,notif_scan_back,,,,,,,,,,,,,,,,,,,,,,,,,,,,,,,,
Battery info”功能：功能扫描页返回,,,,,,,,,,,,,,,,,,,,,,,,,,,,,,,,,,,,,,,,,,,,,,,,,,battgnback,battgnback,,,,,,battery_func_back,battery_func_back,,,battery_func_back,battery_func_back,,,,,,,,,,,,,,,,,,,,,,,,,,,,,,,,
"""Duplicate clean""功能：功能扫描页返回",,,,,,,,,,,,,,,,,,,,,,,,,,,,,,,,,,,,,,,,,,,,,,,,,,dupgnback,dupgnback,,,,,,dup_func_back,dup_func_back,,,dup_func_back,dup_func_back,,,,,,,,,,,,,,,,,,,,,,,,,,,,,,,,
"""Duplicate clean""功能：清理扫描页返回",,,,,,,,,,,,,,,,,,,,,,,,,,,,,,,,,,,,,,,,,,,,,,,,,,dupclback,dupclback,,,,,,dup_clean_back,dup_clean_back,,,dup_clean_back,dup_clean_back,,,,,,,,,,,,,,,,,,,,,,,,,,,,,,,,
"""speaker cleaner""功能：进入完成页之前的扫描动画返回",,,,,,,,,,,,,,,,,,,,,,,,,,,,,,,,,,,,,,,,,,,,,,,,,,speakerback,speakerback,,,,,,speaker_scan_back,speaker_scan_back,,,speaker_scan_back,speaker_scan_back,,,,,,,,,,,,,,,,,,,,,,,,,,,,,,,,
Large File Cleaner功能：功能扫描页返回,,,,,,,,,,,,,,,,,,,,,,,,,,,,,,,,,,,,,,,,,,,,,,,,,,largnback,largnback,,,,,,large_func_back,large_func_back,,,large_func_back,large_func_back,,,,,,,,,,,,,,,,,,,,,,,,,,,,,,,,
Large File Cleaner功能：清理扫描页返回,,,,,,,,,,,,,,,,,,,,,,,,,,,,,,,,,,,,,,,,,,,,,,,,,,larclback,larclback,,,,,,large_clean_back,large_clean_back,,,large_clean_back,large_clean_back,,,,,,,,,,,,,,,,,,,,,,,,,,,,,,,,
App Manager功能：删除app扫描页返回,,,,,,,,,,,,,,,,,,,,,,,,,,,,,,,,,,,,,,,,,,,,,,,,,,appclback,appclback,,,,,,appman_delete_back,appman_delete_back,,,appman_delete_back,appman_delete_back,,,,,,,,,,,,,,,,,,,,,,,,,,,,,,,,
App Manager功能：功能扫描页返回,,,,,,,,,,,,,,,,,,,,,,,,,,,,,,,,,,,,,,,,,,,,,,,,,,appgnback,appgnback,,,,,,appman_func_back,appman_func_back,,,appman_func_back,appman_func_back,,,,,,,,,,,,,,,,,,,,,,,,,,,,,,,,
Network Traffic功能：功能扫描页返回,,,,,,,,,,,,,,,,,,,,,,,,,,,,,,,,,,,,,,,,,,,,,,,,,,newgnback,newgnback,,,,,,network_func_back,network_func_back,,,network_func_back,network_func_back,,,,,,,,,,,,,,,,,,,,,,,,,,,,,,,,
Network Traffic功能：进入完成页之前的扫描动画返回,,,,,,,,,,,,,,,,,,,,,,,,,,,,,,,,,,,,,,,,,,,,,,,,,,netwcback,netwcback,,,,,,network_scan_back,network_scan_back,,,network_scan_back,network_scan_back,,,,,,,,,,,,,,,,,,,,,,,,,,,,,,,,
Screenshot Cleaner功能：功能扫描页返回,,,,,,,,,,,,,,,,,,,,,,,,,,,,,,,,,,,,,,,,,,,,,,,,,,scregnback,scregnback,,,,,,screenshot_func_back,screenshot_func_back,,,screenshot_func_back,screenshot_func_back,,,,,,,,,,,,,,,,,,,,,,,,,,,,,,,,
Screenshot Cleaner功能：清理扫描页返回,,,,,,,,,,,,,,,,,,,,,,,,,,,,,,,,,,,,,,,,,,,,,,,,,,screclback,screclback,,,,,,screenshot_clean_back,screenshot_clean_back,,,screenshot_clean_back,screenshot_clean_back,,,,,,,,,,,,,,,,,,,,,,,,,,,,,,,,
1冷启动,,,,,,,,,,,,,,,,,,,,,,,,,,,,,,,,,,,,,,,,,,,,,,,,,,,,,,,,,,,,,,,Load_ColdStart,Load_ColdStart,splash_cold_open,splash_cold_open,,,,,,,,,,,,,,,,,,,,,,,,,,,,
2热启动,,,,,,,,,,,,,,,,,,,,,,,,,,,,,,,,,,,,,,,,,,,,,,,,,,,,,,,,,,,,,,,Load_HotStart,Load_HotStart,splash_hot_open,splash_hot_open,,,,,,,,,,,,,,,,,,,,,,,,,,,,
3新手插屏,,,,,,,,,,,,,,,,,,,,,,,,,,,,,,,,,,,,,,,,,,,,,,,,,,,,,,,,,,,,,,,Int_beginner_exit,Int_beginner_exit,int_beginner_exit,int_beginner_exit,,,,,,,,,,,,,,,,,,,,,,,,,,,,
4浏览器书签点击插页,,,,,,,,,,,,,,,,,,,,,,,,,,,,,,,,,,,,,,,,,,,,,,,,,,,,,,,,,,,,,,,Int_bookmark_click,Int_bookmark_click,int_bookmark_click,int_bookmark_click,,,,,,,,,,,,,,,,,,,,,,,,,,,,
5下载视频插页,,,,,,,,,,,,,,,,,,,,,,,,,,,,,,,,,,,,,,,,,,,,,,,,,,,,,,,,,,,,,,,Int_download_click,Int_download_click,int_download_click,int_download_click,,,,,,,,,,,,,,,,,,,,,,,,,,,,
6底部tab切换插页,,,,,,,,,,,,,,,,,,,,,,,,,,,,,,,,,,,,,,,,,,,,,,,,,,,,,,,,,,,,,,,Int_tab_click,Int_tab_click,int_tab_click,int_tab_click,,,,,,,,,,,,,,,,,,,,,,,,,,,,
7播放器返回插页,,,,,,,,,,,,,,,,,,,,,,,,,,,,,,,,,,,,,,,,,,,,,,,,,,,,,,,,,,,,,,,Int_player_back,Int_player_back,int_player_back,int_player_back,,,,,,,,,,,,,,,,,,,,,,,,,,,,
8本地媒体库添加视频插页,,,,,,,,,,,,,,,,,,,,,,,,,,,,,,,,,,,,,,,,,,,,,,,,,,,,,,,,,,,,,,,Int_Media_AddVideo,Int_Media_AddVideo,int_media_add_video,int_media_add_video,,,,,,,,,,,,,,,,,,,,,,,,,,,,
9本地媒体库返回插页,,,,,,,,,,,,,,,,,,,,,,,,,,,,,,,,,,,,,,,,,,,,,,,,,,,,,,,,,,,,,,,Int_Media_back,Int_Media_back,int_media_back,int_media_back,,,,,,,,,,,,,,,,,,,,,,,,,,,,
10浏览器/首页中间大原生,,,,,,,,,,,,,,,,,,,,,,,,,,,,,,,,,,,,,,,,,,,,,,,,,,,,,,,,,,,,,,,Tab_browser,Tab_browser,nav_homepage,nav_homepage,,,,,,,,,,,,,,,,,,,,,,,,,,,,
11下载模块底部小原生,,,,,,,,,,,,,,,,,,,,,,,,,,,,,,,,,,,,,,,,,,,,,,,,,,,,,,,,,,,,,,,Tab_download,Tab_download,nav_download_tab,nav_download_tab,,,,,,,,,,,,,,,,,,,,,,,,,,,,
12媒体库模块底部小原生,,,,,,,,,,,,,,,,,,,,,,,,,,,,,,,,,,,,,,,,,,,,,,,,,,,,,,,,,,,,,,,Tab_media,Tab_media,nav_media_tab,nav_media_tab,,,,,,,,,,,,,,,,,,,,,,,,,,,,
13创建下载任务弹窗底部中原生,,,,,,,,,,,,,,,,,,,,,,,,,,,,,,,,,,,,,,,,,,,,,,,,,,,,,,,,,,,,,,,Download_Createlabel,Download_Createlabel,nav_create_download,nav_create_download,,,,,,,,,,,,,,,,,,,,,,,,,,,,
14下载任务完成弹窗底部中原生,,,,,,,,,,,,,,,,,,,,,,,,,,,,,,,,,,,,,,,,,,,,,,,,,,,,,,,,,,,,,,,Download_Finishlabel,Download_Finishlabel,nav_download_finish,nav_download_finish,,,,,,,,,,,,,,,,,,,,,,,,,,,,
15会员解锁激励视频,,,,,,,,,,,,,,,,,,,,,,,,,,,,,,,,,,,,,,,,,,,,,,,,,,,,,,,,,,,,,,,vip_unlock,vip_unlock,rew_member_unlock,rew_member_unlock,,,,,,,,,,,,,,,,,,,,,,,,,,,,
1冷启动,,,,,,,,,,,,,,,,,,,,,,,,,,,,,,,,,,,,,,,,,,,,,,,,,,,,,,,,,,,,,,,,,,,cold_open,TC_codlv,cold_open,TC_codlv,,,,,,,,,,,,,,,,,,,,,,,,
2热启动,,,,,,,,,,,,,,,,,,,,,,,,,,,,,,,,,,,,,,,,,,,,,,,,,,,,,,,,,,,,,,,,,,,hot_open,TC_htdlv,hot_open,TC_htdlv,,,,,,,,,,,,,,,,,,,,,,,,
3新手插屏,,,,,,,,,,,,,,,,,,,,,,,,,,,,,,,,,,,,,,,,,,,,,,,,,,,,,,,,,,,,,,,,,,,set_name_int,TC_gubcl,set_name_int,TC_gubcl,,,,,,,,,,,,,,,,,,,,,,,,
4首页进二级页,,,,,,,,,,,,,,,,,,,,,,,,,,,,,,,,,,,,,,,,,,,,,,,,,,,,,,,,,,,,,,,,,,,home_click,,home_click,,,,,,,,,,,,,,,,,,,,,,,,,
5返回,,,,,,,,,,,,,,,,,,,,,,,,,,,,,,,,,,,,,,,,,,,,,,,,,,,,,,,,,,,,,,,,,,,back_int,TC_bacbs,back_int,TC_bacbs,,,,,,,,,,,,,,,,,,,,,,,,
6电话号码搜索结果插屏,,,,,,,,,,,,,,,,,,,,,,,,,,,,,,,,,,,,,,,,,,,,,,,,,,,,,,,,,,,,,,,,,,,phone_success_int,TC_nbtcdn,phone_success_int,TC_nbtcdn,,,,,,,,,,,,,,,,,,,,,,,,
7SOS发生成功插屏,,,,,,,,,,,,,,,,,,,,,,,,,,,,,,,,,,,,,,,,,,,,,,,,,,,,,,,,,,,,,,,,,,,sos_success_int,,sos_success_int,,,,,,,,,,,,,,,,,,,,,,,,,
8创建地理围栏成功插屏,,,,,,,,,,,,,,,,,,,,,,,,,,,,,,,,,,,,,,,,,,,,,,,,,,,,,,,,,,,,,,,,,,,set_zone_success_int,TC_cosvc,set_zone_success_int,TC_cosvc,,,,,,,,,,,,,,,,,,,,,,,,
9追踪用户明细点击历史,,,,,,,,,,,,,,,,,,,,,,,,,,,,,,,,,,,,,,,,,,,,,,,,,,,,,,,,,,,,,,,,,,,history_int,TC_bftck,history_int,TC_bftck,,,,,,,,,,,,,,,,,,,,,,,,
10追踪用户明细点击路线,,,,,,,,,,,,,,,,,,,,,,,,,,,,,,,,,,,,,,,,,,,,,,,,,,,,,,,,,,,,,,,,,,,route_int,,route_int,,,,,,,,,,,,,,,,,,,,,,,,,
11首页底部banner,,,,,,,,,,,,,,,,,,,,,,,,,,,,,,,,,,,,,,,,,,,,,,,,,,,,,,,,,,,,,,,,,,,home_banner,TC_hban,home_banner,TC_hban,,,,,,,,,,,,,,,,,,,,,,,,
12首页原生广告,,,,,,,,,,,,,,,,,,,,,,,,,,,,,,,,,,,,,,,,,,,,,,,,,,,,,,,,,,,,,,,,,,,home_native,,home_native,,,,,,,,,,,,,,,,,,,,,,,,,
13语言页原生广告,,,,,,,,,,,,,,,,,,,,,,,,,,,,,,,,,,,,,,,,,,,,,,,,,,,,,,,,,,,,,,,,,,,language_native,TC_lafkc,language_native,TC_lafkc,,,,,,,,,,,,,,,,,,,,,,,,
14设备名称原生广告,,,,,,,,,,,,,,,,,,,,,,,,,,,,,,,,,,,,,,,,,,,,,,,,,,,,,,,,,,,,,,,,,,,set_name_native,,set_name_native,,,,,,,,,,,,,,,,,,,,,,,,,
15新手引导原生广告,,,,,,,,,,,,,,,,,,,,,,,,,,,,,,,,,,,,,,,,,,,,,,,,,,,,,,,,,,,,,,,,,,,new_guide_native,TC_gupg,new_guide_native,TC_gupg,,,,,,,,,,,,,,,,,,,,,,,,
16教程底部原生,,,,,,,,,,,,,,,,,,,,,,,,,,,,,,,,,,,,,,,,,,,,,,,,,,,,,,,,,,,,,,,,,,,tutorial_native,,tutorial_native,,,,,,,,,,,,,,,,,,,,,,,,,
17首页权限弹窗引导底部原生,,,,,,,,,,,,,,,,,,,,,,,,,,,,,,,,,,,,,,,,,,,,,,,,,,,,,,,,,,,,,,,,,,,home_permission_native,TC_pban,home_permission_native,TC_pban,,,,,,,,,,,,,,,,,,,,,,,,
18我有邀请码页底部原生,,,,,,,,,,,,,,,,,,,,,,,,,,,,,,,,,,,,,,,,,,,,,,,,,,,,,,,,,,,,,,,,,,,invite_native,TC_sban,invite_native,TC_sban,,,,,,,,,,,,,,,,,,,,,,,,
19邀请追踪器底部原生,,,,,,,,,,,,,,,,,,,,,,,,,,,,,,,,,,,,,,,,,,,,,,,,,,,,,,,,,,,,,,,,,,,invite_track_native,TC_aban,invite_track_native,TC_aban,,,,,,,,,,,,,,,,,,,,,,,,
20围栏页顶部部原生,,,,,,,,,,,,,,,,,,,,,,,,,,,,,,,,,,,,,,,,,,,,,,,,,,,,,,,,,,,,,,,,,,,zone_native,TC_zlogmd,zone_native,TC_zlogmd,,,,,,,,,,,,,,,,,,,,,,,,
21设置页原生（如何使用和电话号码之间）,,,,,,,,,,,,,,,,,,,,,,,,,,,,,,,,,,,,,,,,,,,,,,,,,,,,,,,,,,,,,,,,,,,setting_native,TC_stts,setting_native,TC_stts,,,,,,,,,,,,,,,,,,,,,,,,
22SOS发送成功原生,,,,,,,,,,,,,,,,,,,,,,,,,,,,,,,,,,,,,,,,,,,,,,,,,,,,,,,,,,,,,,,,,,,sos_success_native,,sos_success_native,,,,,,,,,,,,,,,,,,,,,,,,,
23追踪用户详情页原生,,,,,,,,,,,,,,,,,,,,,,,,,,,,,,,,,,,,,,,,,,,,,,,,,,,,,,,,,,,,,,,,,,,tracker_user_native,TC_tckmd,tracker_user_native,TC_tckmd,,,,,,,,,,,,,,,,,,,,,,,,
24首页点击view real-time location后全屏广告,,,,,,,,,,,,,,,,,,,,,,,,,,,,,,,,,,,,,,,,,,,,,,,,,,,,,,,,,,,,,,,,,,,home_click_track_list,TC_vicbv,home_click_track_list,TC_vicbv,,,,,,,,,,,,,,,,,,,,,,,,
25首页点击add friends后全屏广告,,,,,,,,,,,,,,,,,,,,,,,,,,,,,,,,,,,,,,,,,,,,,,,,,,,,,,,,,,,,,,,,,,,home_click_invite_list,TC_adbvu,home_click_invite_list,TC_adbvu,,,,,,,,,,,,,,,,,,,,,,,,
26首页点击share location后全屏广告,,,,,,,,,,,,,,,,,,,,,,,,,,,,,,,,,,,,,,,,,,,,,,,,,,,,,,,,,,,,,,,,,,,home_click_invite_code,TC_shvia,home_click_invite_code,TC_shvia,,,,,,,,,,,,,,,,,,,,,,,,
27首页点击set zone后全屏广告,,,,,,,,,,,,,,,,,,,,,,,,,,,,,,,,,,,,,,,,,,,,,,,,,,,,,,,,,,,,,,,,,,,home_click_zone,TC_sebks,home_click_zone,TC_sebks,,,,,,,,,,,,,,,,,,,,,,,,
28首页点击Number Trcker后全屏广告,,,,,,,,,,,,,,,,,,,,,,,,,,,,,,,,,,,,,,,,,,,,,,,,,,,,,,,,,,,,,,,,,,,home_click_phone,TC_nbtkd,home_click_phone,TC_nbtkd,,,,,,,,,,,,,,,,,,,,,,,,
29点击Tutorials的locate my friends后页面中部信息流原生,,,,,,,,,,,,,,,,,,,,,,,,,,,,,,,,,,,,,,,,,,,,,,,,,,,,,,,,,,,,,,,,,,,,TC_tu1ks,,TC_tu1ks,,,,,,,,,,,,,,,,,,,,,,,,
30点击Tutorials的share my location后页面中部信息流原生,,,,,,,,,,,,,,,,,,,,,,,,,,,,,,,,,,,,,,,,,,,,,,,,,,,,,,,,,,,,,,,,,,,,TC_tu2ks,,TC_tu2ks,,,,,,,,,,,,,,,,,,,,,,,,
31点击刷新my friends的设备进入朋友位置页面前全屏广告,,,,,,,,,,,,,,,,,,,,,,,,,,,,,,,,,,,,,,,,,,,,,,,,,,,,,,,,,,,,,,,,,,,,TC_rebcj,,TC_rebcj,,,,,,,,,,,,,,,,,,,,,,,,
32首页点击追踪管理后全屏广告,,,,,,,,,,,,,,,,,,,,,,,,,,,,,,,,,,,,,,,,,,,,,,,,,,,,,,,,,,,,,,,,,,,home_click_manager,,home_click_manager,,,,,,,,,,,,,,,,,,,,,,,,,
33首页点击设置插屏,,,,,,,,,,,,,,,,,,,,,,,,,,,,,,,,,,,,,,,,,,,,,,,,,,,,,,,,,,,,,,,,,,,home_click_setting,,home_click_setting,,,,,,,,,,,,,,,,,,,,,,,,,
1冷启动,,,,,,,,,,,,,,,,,,,,,,,,,,,,,,,,,,,,,,,,,,,,,,,,,,,,,,,,,,,,,,,,,,,,,,,cold_open,cold_open,,,,,,,,,,,,,,,,,,,,,,
2热启动,,,,,,,,,,,,,,,,,,,,,,,,,,,,,,,,,,,,,,,,,,,,,,,,,,,,,,,,,,,,,,,,,,,,,,,hot_open,hot_open,,,,,,,,,,,,,,,,,,,,,,
3新手插屏,,,,,,,,,,,,,,,,,,,,,,,,,,,,,,,,,,,,,,,,,,,,,,,,,,,,,,,,,,,,,,,,,,,,,,,set_name_int,set_name_int,,,,,,,,,,,,,,,,,,,,,,
4首页点击任意入口,,,,,,,,,,,,,,,,,,,,,,,,,,,,,,,,,,,,,,,,,,,,,,,,,,,,,,,,,,,,,,,,,,,,,,,home_voice_finish_int,home_voice_finish_int,,,,,,,,,,,,,,,,,,,,,,
5返回插屏（点击虚拟的返回键也算）,,,,,,,,,,,,,,,,,,,,,,,,,,,,,,,,,,,,,,,,,,,,,,,,,,,,,,,,,,,,,,,,,,,,,,,back_int,back_int,,,,,,,,,,,,,,,,,,,,,,
6首页切换TAB（进入首页load插页池）,,,,,,,,,,,,,,,,,,,,,,,,,,,,,,,,,,,,,,,,,,,,,,,,,,,,,,,,,,,,,,,,,,,,,,,tab_switch_int,tab_switch_int,,,,,,,,,,,,,,,,,,,,,,
7首页点设置按钮插屏,,,,,,,,,,,,,,,,,,,,,,,,,,,,,,,,,,,,,,,,,,,,,,,,,,,,,,,,,,,,,,,,,,,,,,,setting_int,setting_int,,,,,,,,,,,,,,,,,,,,,,
8录音编辑保存后插屏,,,,,,,,,,,,,,,,,,,,,,,,,,,,,,,,,,,,,,,,,,,,,,,,,,,,,,,,,,,,,,,,,,,,,,,record_edit_save_int,record_edit_save_int,,,,,,,,,,,,,,,,,,,,,,
9钢琴音保存后插屏,,,,,,,,,,,,,,,,,,,,,,,,,,,,,,,,,,,,,,,,,,,,,,,,,,,,,,,,,,,,,,,,,,,,,,,piano_edit_save_int,piano_edit_save_int,,,,,,,,,,,,,,,,,,,,,,
10文本转音频保存后插屏,,,,,,,,,,,,,,,,,,,,,,,,,,,,,,,,,,,,,,,,,,,,,,,,,,,,,,,,,,,,,,,,,,,,,,,lls_save_int,lls_save_int,,,,,,,,,,,,,,,,,,,,,,
11手机铃声设置成功后插屏,,,,,,,,,,,,,,,,,,,,,,,,,,,,,,,,,,,,,,,,,,,,,,,,,,,,,,,,,,,,,,,,,,,,,,,ring_tone_success_int,ring_tone_success_int,,,,,,,,,,,,,,,,,,,,,,
12通知铃声设置成功后插屏,,,,,,,,,,,,,,,,,,,,,,,,,,,,,,,,,,,,,,,,,,,,,,,,,,,,,,,,,,,,,,,,,,,,,,,noti_ringtone_success_int,noti_ringtone_success_int,,,,,,,,,,,,,,,,,,,,,,
13首页底部banner,,,,,,,,,,,,,,,,,,,,,,,,,,,,,,,,,,,,,,,,,,,,,,,,,,,,,,,,,,,,,,,,,,,,,,,home_banner,home_banner,,,,,,,,,,,,,,,,,,,,,,
14语言页原生广告,,,,,,,,,,,,,,,,,,,,,,,,,,,,,,,,,,,,,,,,,,,,,,,,,,,,,,,,,,,,,,,,,,,,,,,language_native,language_native,,,,,,,,,,,,,,,,,,,,,,
15新手引导原生广告,,,,,,,,,,,,,,,,,,,,,,,,,,,,,,,,,,,,,,,,,,,,,,,,,,,,,,,,,,,,,,,,,,,,,,,new_guide_native,new_guide_native,,,,,,,,,,,,,,,,,,,,,,
16录音编辑底部原生,,,,,,,,,,,,,,,,,,,,,,,,,,,,,,,,,,,,,,,,,,,,,,,,,,,,,,,,,,,,,,,,,,,,,,,record_edit_native,record_edit_native,,,,,,,,,,,,,,,,,,,,,,
17录音合成页底部原生,,,,,,,,,,,,,,,,,,,,,,,,,,,,,,,,,,,,,,,,,,,,,,,,,,,,,,,,,,,,,,,,,,,,,,,record_merge_native,record_merge_native,,,,,,,,,,,,,,,,,,,,,,
18设置页底部原生,,,,,,,,,,,,,,,,,,,,,,,,,,,,,,,,,,,,,,,,,,,,,,,,,,,,,,,,,,,,,,,,,,,,,,,setting_native,setting_native,,,,,,,,,,,,,,,,,,,,,,
19首页麦克风录音完成后,,,,,,,,,,,,,,,,,,,,,,,,,,,,,,,,,,,,,,,,,,,,,,,,,,,,,,,,,,,,,,,,,,,,,,,home_voice_finish_int_microphone_finish,home_voice_finish_int_microphone_finish,,,,,,,,,,,,,,,,,,,,,,
20首页音频导入完成后,,,,,,,,,,,,,,,,,,,,,,,,,,,,,,,,,,,,,,,,,,,,,,,,,,,,,,,,,,,,,,,,,,,,,,,home_voice_finish_int_input_finish,home_voice_finish_int_input_finish,,,,,,,,,,,,,,,,,,,,,,
21我的作品点击录音的作品编辑,,,,,,,,,,,,,,,,,,,,,,,,,,,,,,,,,,,,,,,,,,,,,,,,,,,,,,,,,,,,,,,,,,,,,,,home_voice_finish_int_record_edit,home_voice_finish_int_record_edit,,,,,,,,,,,,,,,,,,,,,,
22我的作品点击钢琴的钢琴编辑,,,,,,,,,,,,,,,,,,,,,,,,,,,,,,,,,,,,,,,,,,,,,,,,,,,,,,,,,,,,,,,,,,,,,,,home_voice_finish_int_piano_edit,home_voice_finish_int_piano_edit,,,,,,,,,,,,,,,,,,,,,,
ALL,ALL,ALL,ALL,ALL,ALL,ALL,ALL,ALL,ALL,ALL,ALL,ALL,ALL,ALL,ALL,ALL,ALL,ALL,ALL,ALL,ALL,ALL,ALL,ALL,ALL,ALL,ALL,ALL,ALL,ALL,ALL,ALL,ALL,ALL,ALL,ALL,ALL,ALL,ALL,ALL,ALL,ALL,ALL,ALL,ALL,ALL,ALL,ALL,ALL,ALL,ALL,ALL,ALL,ALL,ALL,ALL,ALL,ALL,ALL,ALL,ALL,ALL,ALL,ALL,ALL,ALL,ALL,ALL,ALL,ALL,ALL,ALL,,,,,,,,,,,,,,,,,,,,,,
